{
    "accuracy": 0.6757752496159755,
    "prcision": 0.6875013329923242,
    "recall": 0.5963311479082868
}
